Cluster 1,Cluster 2,Cluster 3,Cluster 4
Exo1,Mettl21c,Ncf2,Niban1
Sccpdh,ENSMUSG00000102133,Fam124b,2810414N06Rik
Arfgef1,ENSMUSG00000103163,Rgs16,ENSMUSG00000098447
Itpkb,Zbtb18,ENSMUSG00000104181,Ptpn4
ENSMUSG00000104388,ENSMUSG00000082395,ENSMUSG00000100170,ENSMUSG00000073628
Sctr,Hspe1,Psen2,ENSMUSG00000100108
Nab1,Gm6136,ENSMUSG00000118590,Ccdc150
Wdr26,ENSMUSG00000086825,Gm53056,Tnn
ENSMUSG00000100302,Cd55,Msc,Fasl
Inpp1,ENSMUSG00000102139,Gm7592,Fmo1
1700019D03Rik,Dusp10,Gm16107,Gm19589
Ormdl1,4930523C07Rik,ENSMUSG00000104378,Hsd11b1
Cab39,Vash2,Cryzl2,ENSMUSG00000102202
Gm4956,Arl4c,ENSMUSG00000093963,ENSMUSG00000102401
ENSMUSG00000104121,Sell,ENSMUSG00000104138,Btg2
ENSMUSG00000102145,Atp1b1,4930558J18Rik,Pogk
ENSMUSG00000097283,Eef1b2,ENSMUSG00000103783,ENSMUSG00000103973
Smap1,Rcsd1,ENSMUSG00000104435,Atf6
Il10,Klf7,ENSMUSG00000101586,Fcrlb
Rabgap1l,4930594C11Rik,Icos,Fcgr2b
ENSMUSG00000103693,Fcgr3,Plekhb2,ENSMUSG00000104340
ENSMUSG00000104020,Rpl31,Lax1,Il18r1
ENSMUSG00000103432,Tbc1d8,ENSMUSG00000100426,Il18rap
ENSMUSG00000102172,Fcer1g,Gm20743,Cd48
ENSMUSG00000103632,ENSMUSG00000098104,Chit1,ENSMUSG00000087004
ENSMUSG00000104053,Bcl2,Gm23402,Stkld1
Tnfsf4,Rpl37a,Fam78b,Srxn1
Bmpr2,ENSMUSG00000103403,Map2,Trib3
Sh3bp4,Tagln2,3110045C21Rik,Ifih1
Abi2,Ifi208,Pdcd1,Tyro3
Raph1,Id1,ENSMUSG00000103046,ENSMUSG00000085471
Cd28,Slc17a9,Il1r2,Slco4a1
Ctla4,ENSMUSG00000103546,Gpr45,Gata3
Xcl1,Abcb11,Aspm,Vim
1700029M03Rik,ENSMUSG00000085735,Tns1,Nr1h3
Atp2b4,Pdk1,Ifi211,Nebl
ENSMUSG00000102509,Rapgef4,Edn3,Scrn3
ENSMUSG00000101168,ENSMUSG00000081219,Tpx2,Enkur
Pask,ENSMUSG00000102323,Col9a3,1700001O22Rik
ENSMUSG00000086064,Slc28a2b,Ythdf1,Serinc3
Acadl,Sqor,ENSMUSG00000070461,ENSMUSG00000080984
ENSMUSG00000102984,Lbp,ENSMUSG00000102662,Pltp
Ikzf2,Ass1,Ntng2,Niban2
Ppip5k2,Fam78a,Spc25,Gcnt7
ENSMUSG00000104140,Fam78a,ENSMUSG00000103360,Pak6
ENSMUSG00000104291,Sdc4,Spag4,Gm14125
Nek7,ENSMUSG00000085417,ENSMUSG00000085546,Zeb2
Ly9,Acoxl,ENSMUSG00000087176,Pnck
Slamf7,Rpl12,Epb41l1,L1cam
Rgs1,Rbm38,Ttc30a1,Ribc1
Aim2,Rpl35,1700029I15Rik,Zcchc18
Ifi204,Lypd6b,Cd82,Lancl3
Slamf6,Cytip,ENSMUSG00000081894,Heph
Ptprj,Gm13546,Gm13673,ENSMUSG00000073274
Stk39,Dapl1,Kcnip3,Slc9a7
Rapgef1,Nop56,ENSMUSG00000102875,Cxcr3
ENSMUSG00000103774,Wnk3,ENSMUSG00000085335,ENSMUSG00000090941
Tlk1,Xkrx,ENSMUSG00000103532,Tmod4
ENSMUSG00000082520,Rps7-ps3,Prex1,ENSMUSG00000103261
Wipf1,Gm14586,ENSMUSG00000090397,ENSMUSG00000105460
Chn1,Tsc22d3,Ttc16,Notch2
Sema6d,ENSMUSG00000081049,Npdc1,ENSMUSG00000105472
Dgkz,ENSMUSG00000082926,Kcnb1,ENSMUSG00000106184
Ppp1r16b,Pcyt1b,ENSMUSG00000085914,Il7
ENSMUSG00000086152,Lhfpl1,Ripor3,Sema4a
Ccdc141,Ophn1,Pard6b,Tspan2
Tox2,Itgb1bp2,Ube2l6,Tshb
ENSMUSG00000102286,S1pr1,Slc23a2,Med12l
Itga4,Dph5,Lpcat4,P2ry12
Astl,Smc4,Atp9a,ENSMUSG00000103473
Prr5l,Cnn3,Tshz2,Tafa3
Slc1a2,Arhgap29,Gm14139,Ppm1j
Itgav,ENSMUSG00000097250,Zfp345,Rhoc
Cd44,Ndst3,Ly75,Cttnbp2nl
Hipk3,Lrriq3,Tank,Krtcap2
Ptrh1,ENSMUSG00000105447,Gm6238,Kcnab1
Pax6,ENSMUSG00000105550,Gm22430,Zbtb7b
Pbx3,ENSMUSG00000105008,Magee1,Psrc1
Prnp,Fam241a,Maged2,Gpr160
Cst7,Txnip,ENSMUSG00002074862,S100a4
Nek6,Gm9396,ENSMUSG00000083210,S100a6
Sdcbp2,ENSMUSG00000102620,Srpk3,S100a10
Nr4a2,ENSMUSG00000104339,Cul4b,Rnf183
Gpr174,ENSMUSG00000102808,Tex13d,Bspry
Sh3bgrl,ENSMUSG00000106086,Avpr2,ENSMUSG00000086953
Lamp2,Lef1,Arl13a,Smpdl3b
Xiap,ENSMUSG00000104612,Sat1,Dennd4c
Sh2d1a,ENSMUSG00000106536,Drp2,Cdkn2b
Elf4,Gpatch4,Slc25a14,Dmrta1
Rnf128,Iqgap3,Foxp3,Mxra8
Xlr4e-ps,1700113A16Rik,Gprasp2,Eqtn
Gpm6b,Zbtb10,Smim10l2a,Rap1gap
Cybb,Pag1,Plxna3,Camk2n1
AA414768,ENSMUSG00000105731,Mid2,Tnfrsf8
Ogt,Dennd2c,F8,ENSMUSG00000055216
Chic1,ENSMUSG00000104764,Pls3,Cpne3
Xist,Olfml3,Car5b,Atp6v0d2
Vcam1,ENSMUSG00000050179,Chrdl1,Ccnc
ENSMUSG00000104607,Syde2,Maged1,Efhd2
Cdc14a,Kcna2,Spin4,Pde6b
ENSMUSG00000106005,ENSMUSG00000105941,Arhgef9,ENSMUSG00000106815
Gucy1b1,ENSMUSG00000070729,Zc4h2,Hopx
ENSMUSG00000106024,Cyb5rl,Tsx,Wdr95
Fgf2,Ube4bos3,Gipc2,Asphd2
Hspa4l,Pik3cd,ENSMUSG00000106061,Selplg
Camk2d,Spsb1,Mccc1os,Gm29036
ENSMUSG00000105586,Tle1,ENSMUSG00000104546,2900005J15Rik
Wls,ENSMUSG00000084910,Gucy1a1,Actr3b
ENSMUSG00000103454,Trnp1,Map9,Mblac1
Cd160,Aunip,ENSMUSG00000104964,Pvrig
Slc9b2,Pik3r3,Il21,Klrg1
Pex2,ENSMUSG00000054351,Cetn4,Kcnj8
Slc22a15,Fggy,Fam160a1,Zyx
H2az1,Alpl,Glt28d2,Gimap4
Adh4,ENSMUSG00000083836,Spry1,Tmem176a
Syt11,Pde4b,ENSMUSG00000106062,Osbpl3
ENSMUSG00000104235,Padi4,ENSMUSG00000106441,Snx10
Rap1a,ENSMUSG00000087049,Sh3d19,Arl6ip5
Dram2,Rps20,Hmgb1-ps5,Klrb1a
Csf1,ENSMUSG00000107136,ENSMUSG00000104597,Klrb1c
Gstm4,Gabrb1,Gm2011,ENSMUSG00000108095
S100a11,Gm15708,Dclk2,ENSMUSG00000085786
Usp45,Txk,Mgarp,Klre1
Tox,Zfp326,Nudt17,Klrd1
Lrp8,Brdt,Sh2d2a,ENSMUSG00000107583
Tnfsf8,Rpl21,Gja5,Klrk1
Tnc,Vps37b,Cyp2u1,Klrc2
ENSMUSG00000059027,Afap1,ENSMUSG00000106197,Klrc1
Ttc39b,ENSMUSG00000105890,Stmn2,Emp1
Selenon,Tpst2,Zfp704,ENSMUSG00000108219
Ccdc17,ENSMUSG00000105031,Vangl1,E230016M11Rik
Mllt3,Gm15682,Ralyl,ENSMUSG00000108053
Id3,Slc4a4,ENSMUSG00000106553,Ceacam1
C1qb,ENSMUSG00000104342,A930001A20Rik,Nkg7
C1qc,Rplp0,Phtf1os,ENSMUSG00000082922
Hivep3,Drc1,ENSMUSG00000105846,Gdpd3
Clspn,Rhoh,Fdps,Chsy1
Txn1,ENSMUSG00000107266,ENSMUSG00000106251,Ltbp4
ENSMUSG00000086952,Cux2,Pld1,Lrrk1
E130308A19Rik,Gpr146,Mlf1,Gvin2
Gm12543,Plac8,ENSMUSG00000103703,AI467606
Nsmaf,ENSMUSG00000104936,4933431E20Rik,Il4i1
ENSMUSG00000086052,ENSMUSG00000105985,Gstm5,Slco3a1
Olfr156,ENSMUSG00000106049,ENSMUSG00000090005,Zfp36
Ptpn13,Gigyf1,Slc39a1,Myadm
Spp1,Trbv12-2,Slc25a24,Lrfn1
Nsd2,Trbv13-2,Marcksl1,Ppm1n
ENSMUSG00000106547,Trbv23,Akna,Ech1
ENSMUSG00000090086,Trbv30,Echdc2,Sytl2
Tnip2,Eif2ak3,Tlr4,Itgax
Abcb1a,ENSMUSG00000105776,ENSMUSG00002075479,Dkkl1
Abcb1b,Thnsl2,Atpif1,Hcst
ENSMUSG00000106294,St8sia1,Cdkn2c,ENSMUSG00000089987
Ssh1,5430402O13Rik,ENSMUSG00000083995,Emp3
Cd38,Dyrk4,Acot7,Zfp128
Unc119b,Tspan9,Pdzk1ip1,Inppl1
Art3,Tet3,Ski,Ifitm3
Cxcl10,Gm10069,E2f2,Ifitm10
Arap2,ENSMUSG00000106874,Luzp1,Ctsd
ENSMUSG00000105694,Foxp1,Kif2c,Lrrc27
ENSMUSG00000106798,ENSMUSG00000108269,Tnfrsf4,Stox1
A930011G23Rik,Klra6,ENSMUSG00000086683,Gnptab
Rph3a,Klra13-ps,Ror1,Marchf9
Ptpn11,ENSMUSG00000072940,Cap1,Prdm1
Rbm47,Camk1,Mfsd2a,Ddit3
Ppp1cb,Cand2,Dhrs3,Fgd6
Hip1,Rpl32,Tnfrsf1b,Lilrb4a
ENSMUSG00000106758,Plxna4,Sh3d21,Atp2b1
ENSMUSG00000105228,Trbv1,5730409E04Rik,ENSMUSG00000112082
ENSMUSG00000106757,Mical3,Tmem51,ENSMUSG00000111947
ENSMUSG00000108090,Gng11,Ptpn3,Atxn7l3b
Igkv1-117,Klf13,D630039A03Rik,Adamts14
ENSMUSG00000076490,Cyp2s1,Rragd,Prf1
Igkv4-55,Fam189a1,Penk,Pald1
Smyd1,Bbc3,Spaca1,Ifngr1
ENSMUSG00000108132,Cdipt,Car9,Itgb2
Ezh2,Igf1r,Olfr157,Gzmm
Lrmp,Rps16,Olfr155,Gna15
Gimap7,ENSMUSG00000108465,ENSMUSG00000105929,Slc41a2
ENSMUSG00000044867,Rps9,Cldn12,Aldh1l2
ENSMUSG00000107761,ENSMUSG00000108353,ENSMUSG00000118625,Pla2g15
4930417O13Rik,Igsf23,ENSMUSG00000106739,Cdh1
Mdfic,Pak1,Ptcd1,ENSMUSG00000110580
2310001H17Rik,Spon1,Tgfbr3,ENSMUSG00000109629
Ybx3,Rras2,Usp46,Tmem231
Hebp1,Fes,ENSMUSG00000106993,Cpne2
Gprin3,Pde3b,Gfi1,Adgrg3
Itpr1,Irgc1,ENSMUSG00000106678,ENSMUSG00000083718
Ccser1,Rpl28,Chic2,Lgals3
Tnip3,Plaur,Rasl11a,Phf11b
Atp2b2,Ssc5d,ENSMUSG00000106831,Phf11d
ENSMUSG00000107994,Rps19,Rgs12,ENSMUSG00000114686
Zfp239,ENSMUSG00000083774,Hgfac,Dock5
ENSMUSG00000107881,Rps17,2210417A02Rik,ccdc198
Anxa4,Rps3,Igfbp7,Tlr11
Klk1b27,Odad1,Pitpnm2os2,Rnase6
ENSMUSG00000109119,Rps5,Pxmp2,ENSMUSG00000115087
Pglyrp1,Rnf225,Miat,Ppp1r3e
Itgal,ENSMUSG00000109555,Wfs1,Cma1
ENSMUSG00000097415,ENSMUSG00000109317,2900026A02Rik,ENSMUSG00000114907
Abhd2,ENSMUSG00000108830,ENSMUSG00000104576,Fli1
ENSMUSG00000097685,ENSMUSG00000110301,Ppbp,Gpr62
Prc1,Gramd1a,Areg,Me1
Capns1,Otoa,Vsig10,ENSMUSG00000102617
ENSMUSG00000109108,Scart1,Cxcl13,Mthfsl
ENSMUSG00000108940,Il4ra,Cenpa,9330159M07Rik
Pou2f2,Tnnt3,Dpysl5,Mthfs
Cd22,Rplp2,ENSMUSG00000106940,Amt
Cyfip1,Gm15501,Slc30a3,Nptn
Srgn,ENSMUSG00000085354,Pheta1,Trappc4
Ascl4,Cpm,Slc29a4,Pxylp1
Ifng,Gm10275,Rnf216,S1pr5
Fyn,ENSMUSG00000111664,Rilpl2,ENSMUSG00000104392
ENSMUSG00000110647,ENSMUSG00000111358,Zbed5,Smad3
Plxnc1,Sesn1,Hpse,Dennd4a
Nudt4,Mettl1,Trip6,Nbeal2
Eea1,Bend3,Gm18980,Rasl12
ENSMUSG00000112290,Bicc1,Igkv1-110,Ccrl2
ENSMUSG00000112734,ENSMUSG00000111968,Trbv31,Dapk2
Nab2,Gm17849,Ephb6,Fbxl2
Cep290,Gm8942,Igkv8-27,Rora
Mcu,ENSMUSG00000100548,Gm1070,Anxa2
Ppp1r12a,Kcnmb4,Gm31108,4933432G23Rik
Zc3h12d,Dgka,Eno2,Dlec1
Tab2,Lrp11,Bcat1,Cx3cr1
Stx11,Rab3ip,Lag3,ENSMUSG00000110751
Phactr2,Olig3,Ptms,Xcr1
Map3k5,Snrpd3,ENSMUSG00000095526,Ccr3
Mtfr2,Mmp11,Slc25a13,Ccr2
Myb,ENSMUSG00000112433,Capg,Ccr5
Samd3,Gamt,ENSMUSG00000108526,Cxcr6
Nr3c2,Tle6,ENSMUSG00000107801,ENSMUSG00000085379
Nfatc3,ENSMUSG00000112381,ENSMUSG00000082120,Jup
Sntb2,Washc4,ENSMUSG00000108199,ENSMUSG00000054418
Nfat5,Tdrp,Cd9,Pttg1
Proz,ENSMUSG00000087685,Rad51ap1,Atp6v0a1
Tfdp1,1810012K16Rik,Rps4l,Ccdc40
Casp3,Neto2,ENSMUSG00000107647,Hs3st3b1
Cmtr2,Psd3,Gm13899,Dusp3
Neil3,ENSMUSG00000110545,Nrip2,D930048N14Rik
Sh3rf1,Rpl13,Vax2,Evi2a
Maf,ENSMUSG00000109709,Chn2,ENSMUSG00000100629
Cyld,ENSMUSG00000110702,ENSMUSG00000112144,Cd7
Sugp2,Adgrg5,Gabarapl1,Metrnl
Nlrc5,ENSMUSG00000110317,ENSMUSG00000108122,Gm12253
Rnf170,Klf2,Klri2,ENSMUSG00000084796
Cers4,Col4a1,ENSMUSG00000108067,4930544D05Rik
Nrp1,Mmp15,ENSMUSG00000107448,Cd300lf
Itgb1,ENSMUSG00000110446,ENSMUSG00000107696,Wfikkn2
Ccdc7a,Gm8730,Styk1,Armc7
Ces2c,Ppp1r3b,Pde1c,Hus1
Zdhhc2,Prag1,ENSMUSG00000108214,Plek
Tbc1d4,Ces2e,Apold1,Cnrip1
Ndfip2,Siah1a,Gprc5a,Rap1gap2
Spry2,Chrna2,Bhlhe40,Tbx21
Xkr6,Rubcnl,Ndnf,Srcin1
ENSMUSG00000102764,Dnajc15,Prdm5,Heatr9
Farp1,Epsti1,ENSMUSG00000107750,Ccl5
ENSMUSG00000085133,Sh3bp5,ENSMUSG00000097998,Ccl9
Cacna1d,Rgcc,Vamp8,Ccl6
Kctd9,ENSMUSG00000115368,Pon3,Prss16
3830406C13Rik,Trav1,Asns,H4c4
Cysltr2,ENSMUSG00000076760,Ica1,Fbxw17
Gng2,Trav6-1,ENSMUSG00000090559,Elovl7
Adk,Trav7d-3,Cttn,Txndc5
Trav16,Trav9n-4,Zfp975,Gzma
Abhd4,Trav16n,Siglecf,Gzmk
Gm19016,Trav7-3,ENSMUSG00000055323,Itga1
Slc22a17,Trav8-1,Fam71e1,F2r
Ptger2,Trav13-1,Napsa,F2rl2
ENSMUSG00000115735,Trdv2-2,Spn,ENSMUSG00000118445
ENSMUSG00000115553,ENSMUSG00000104876,Calm3,Ctla2a
Slc4a7,Slc7a7,Dmwd,Lpin1
Thoc7,Mmp14,Denn2b,ENSMUSG00000086372
ENSMUSG00000094634,Myh6,Six5,Ywhaq
Igsf9b,Mcpt8,ENSMUSG00000107985,Gm4419
Ddx43,ENSMUSG00000114390,Rtn2,Id2
ENSMUSG00000111481,Rps24,ENSMUSG00000109314,ENSMUSG00000113587
Gramd1b,Usp28,Trim72,ENSMUSG00000113669
Bcl2a1d,Rab39,ENSMUSG00000109031,Sh3yl1
Bcl2a1b,ENSMUSG00000097111,Ticrr,Ighv6-4
Crtam,Gpr83,ENSMUSG00000098041,Gm10432
Chst2,Cyp11a1,Pex11a,F730035M05Rik
ENSMUSG00000103507,ENSMUSG00000101595,Ddias,ENSMUSG00000114005
Gm20275,Rplp1,Ttyh1,ENSMUSG00000113425
Cxcr5,Tmem108,Mical2,Gphn
Pfkfb4,Iqch,Itgad,Adssl1
Il10ra,Rpl4,4931431B13Rik,Crip1
Tmem205,Als2cl,Zfp93,Ly6a
Plppr2,Fam240a,Sbk2,Ly6c1
Kif9,ENSMUSG00000103445,Capn5,Ly6c2
Rab8b,Rpl14,ENSMUSG00000108923,Ly6a2
Fam81a,Nedd4,Map6,Ncald
Myo1e,ENSMUSG00000104273,Itpripl2,Mettl7a1
Eomes,Vipr1,Zbtb32,Il2rb
Adam10,Pomgnt2,Vmn1r81,Igfbp6
Scn11a,Tgm4,ENSMUSG00000109724,Cdc42ep1
ENSMUSG00000098915,Lars2,ENSMUSG00000087492,Lgals1
Khdc3,Ccr9,Fxyd7,Espl1
Nktr,ENSMUSG00000110425,Tmem159,Prr13
Wdr72,Arl5c,Gm10640,ENSMUSG00000087066
Casp1,Scarf1,ENSMUSG00000073985,St3gal6
Casp4,Thra,ENSMUSG00000086184,4930453N24Rik
Tlcd2,Igfbp4,Gm19187,Mx1
ENSMUSG00000084277,Ccr7,Zfp939,Fam3b
Ikzf3,Ssh2,Tspan32,Clcn2
ENSMUSG00000083899,Cyth1,Cd81,Epas1
Adam19,Itk,Mrgpre,Prss30
Med7,Tbc1d16,Pla2g4c,Gm19585
Sar1b,Rab34,Fuom,Stap2
Ccl1,Grm6,Stk32c,Lrg1
ENSMUSG00000082487,Tcf7,1500009L16Rik,Tubb4a
Cd68,Rapgef6,ENSMUSG00000112728,Msrb1
Dusp14,Itgb3,Dram1,D17H6S53E
Eif4enif1,Galnt10,Fam229b,ENSMUSG00000096988
Vmp1,Pik3ip1,ENSMUSG00000085799,H2-Q10
Dusp18,Smtn,Mettl24,Baiap3
Lif,Gm11714,Ikbip,Rps6ka2
Prkca,Kcnj16,ENSMUSG00000112669,Gm5491
ENSMUSG00000084978,Sdk2,ENSMUSG00000112744,Ccdc78
Rnf43,ENSMUSG00000085651,ENSMUSG00000094249,Gm6034
Pld2,Slc16a5,ENSMUSG00000112317,Olfr101
Msi2,Pimreg,Gm18042,Kifc5b
Mmd,Mybbp1a,Spock2,Cdc42ep3
Cpsf4l,Itgae,Bbs10,Slc3a1
Rpl23a-ps2,Eme1,Oprm1,Pim1
ENSMUSG00000086839,Peli1,Aifm2,Rsph1
Actr2,Gm10037,Plagl1,Myo1f
Vps54,ENSMUSG00000084788,ENSMUSG00000111006,Mapre2
ENSMUSG00000085738,ENSMUSG00000085603,Susd2,Camk2a
Hic1,Slc6a19,Gstt3,Reep5
Otx1,Slc12a7,Gstt1,Alpk2
Gm12057,ENSMUSG00000104214,Derl3,Pcdhgb4
Npepps,ENSMUSG00000074800,Dip2a,Arhgap26
Ccl4,ENSMUSG00000090628,Ybey,ENSMUSG00000082287
Trgv3,F12,Plpp2,Ttc39c
Trgc3,Il6st,Atcay,Impact
Trgc2,Emb,Chst11,ENSMUSG00000117380
Trgj2,Actn2,ENSMUSG00002075065,Map3k8
Trgv2,Lhfpl2,ENSMUSG00000087436,Tmem151a
Trgc4,Lyst,Inpp4b,Adrb1
Gfod1,ENSMUSG00000114501,ENSMUSG00000109759,Ctsw
ENSMUSG00000112942,Prxl2c,Zfp612,Spata6l
Fcho2,ENSMUSG00000113735,Gm2869,Kcnk7
Atxn1,Npc2,Atp7b,Insl6
Naip2,Hsp90aa1,Ldhd,Fam204a
Naip5,Rps19-ps6,Lzts1,Ifit3
Naip6,ENSMUSG00000112348,Irf8,Ifit1bl1
A830005F24Rik,Hpcal1,Tm6sf2,Ifit3b
ENSMUSG00000086889,ENSMUSG00000113555,Golga7,Pik3ap1
Fam120a,Tmem63c,ENSMUSG00000109812,Ahnak
BC005537,Rps7,Lpcat2,Rab3il1
Irf4,Ighd,ENSMUSG00000110670,Stx3
Erbin,Ighm,Mt1,Lpxn
Ell2,Myt1l,Dok4,Cyp17a1
1110046J04Rik,Klhdc1,Adgrg1,Gm6967
Arl10,Adam6b,Map10,Borcs7
ENSMUSG00000114893,Spata7,Efnb2,As3mt
Rasa1,Gm30948,ENSMUSG00000110697,ENSMUSG00000080783
ENSMUSG00000074868,ENSMUSG00000114190,ENSMUSG00000110433,ENSMUSG00000097636
ENSMUSG00000113841,Gm19951,Hmox1,4833407H14Rik
Mok,Efcab11,Purg,Gm16299
Grhl1,ENSMUSG00000113687,Dusp4,
ENSMUSG00000114033,Ak7,ENSMUSG00000031884,
Ighg2b,Slc10a1,ENSMUSG00000110597,
Ncapg2,ENSMUSG00000112297,Elmo3,
Rapgef5,Clba1,Tppp3,
Itgb8,Brf1,Ankle1,
Sostdc1,ENSMUSG00000097100,Ctsb,
Crppa,Sptb,Chdh,
Hif1a,Cyp2d22,1700001G11Rik,
Ifi27l2a,ENSMUSG00000116280,ENSMUSG00000118437,
Serpina3f,Nfam1,Cdca2,
Serpina3g,Myc,Egr3,
Gskip,Il7r,Gm2237,
Zfp36l1,Lrrc6,Kcnk5,
Asxl2,Trio,Tnfsf11,
Asap1,Ptk2,Zfp219,
Gtse1,Jrk,Vwa8,
Sub1,Gm23747,Diaph3,
ENSMUSG00000096173,Grhl2,Gm30108,
ENSMUSG00000115969,Prickle1,Trav9d-1,
Ubr5,Amigo2,Trav10d,
Pkhd1l1,Olfr285,Trav9n-1,
ENSMUSG00000097150,Adcy6,Trav13n-1,
Trps1,Kcnh3,Traj52,
Enpp2,Slc11a2,2610528A11Rik,
ENSMUSG00000116311,Galnt6,ENSMUSG00000090709,
ENSMUSG00000103520,Rpl8,St14,
Iqank1,Apol7b,Il18,
Nrbp2,Apol7e,Dixdc1,
Zbtb20,Acvrl1,Poglut3,
Gm9968,Csf2rb2,Hmgn3,
Tigit,Mfng,Slc37a2,
Cd200r1,Rpl3,Hyal2,
Cd200,Grap2,Nrgn,
Ube2l3,Selenop,Gnai2,
Alcam,4930404I05Rik,ENSMUSG00000074284,
Ttc3,Spice1,ENSMUSG00000111323,
Samsn1,Cd200r3,Sesn3,
Mir155hg,Ccdc116,Endod1,
Bcl6,Trat1,Kdm4d,
Litaf,ENSMUSG00000085903,Ubash3b,
Heg1,Klhl6,Izumo1r,
Ildr1,ENSMUSG00000116659,Sema7a,
Rhoq,ENSMUSG00000086944,ENSMUSG00000097604,
Apobec2,Igf2bp2,Plscr1,
Flywch2,Hes1,ENSMUSG00000110972,
Ptprs,ENSMUSG00000116581,Nlrx1,
ENSMUSG00000117250,Nrros,Trim42,
Ankrd12,Zfp820,Icam5,
Lpin2,B430306N03Rik,4930422M22Rik,
Ier3,Ston1,Ap1m2,
Ccr6,Satb1,ENSMUSG00000104383,
Lclat1,ENSMUSG00000102973,Tmprss13,
ENSMUSG00000081492,ENSMUSG00000102212,Tle3,
Eif2ak2,ENSMUSG00000103779,ENSMUSG00000111739,
Runx2,ENSMUSG00000102744,Ryk,
Zfp52,ENSMUSG00000103216,Coro2b,
Pkdcc,ENSMUSG00000103753,Eepd1,
Fkbp5,ENSMUSG00000103358,Pif1,
Reep2,Abca17,C2cd4b,
Pcdhga12,Plin5,Ccnb2,
Ap3s1,Catsperd,ENSMUSG00000098161,
Setbp1,Rps2,Vill,
Nfatc1,Arhgdig,ENSMUSG00000097223,
ENSMUSG00000117805,Cd2ap,Gorasp1,
Cables1,Cyp39a1,ENSMUSG00000111792,
Ankrd29,Enpp5,Ccr8,
Casp7,Prkd3,D830035M03Rik,
Jak2,ENSMUSG00000117440,Mmp10,
Pdcd1lg2,Tcp11,Gm26189,
Zfta,Haao,Serpinf1,
Rtn3,Rpl10a,ENSMUSG00000050538,
Pyroxd2,Bnip5,Mir22hg,
Dagla,Sik1,Caskin2,
Scd2,Rps28,Rel,
A430093F15Rik,Gramd3,Fkbp10,
AW112010,Adrb2,Taok1,
Ms4a4b,Nedd4l,Kcnmb1,
Ms4a6d,Gm23119,Tnfrsf13b,
Gnaq,Smad7,Timp2,
ENSMUSG00000075268,ENSMUSG00000097141,Havcr2,
Trim8,Zfp516,Pipox,
Gcnt1,Cd226,Slc46a1,
Ide,Bambi,ENSMUSG00000084884,
Gm8663,Gm9493,Mpp2,
,ENSMUSG00000117959,Gm39822,
,Pdlim1,Nf1,
,Dntt,Rnf135,
,BC037704,Cct6b,
,Add3,Slfn4,
,ENSMUSG00000117704,Wnt3,
,ENSMUSG00000024869,Kctd11,
,,Ypel2,
,,Smurf2,
,,Tm4sf5,
,,Fam20a,
,,ENSMUSG00000087574,
,,Aebp1,
,,Inca1,
,,Fads6,
,,6330403K07Rik,
,,Spns3,
,,Rsad1,
,,ENSMUSG00000087060,
,,Fbxo48,
,,Itga3,
,,ENSMUSG00000081868,
,,ENSMUSG00000084048,
,,Tmem17,
,,ENSMUSG00000084068,
,,Trgv1,
,,Stard3nl,
,,ENSMUSG00000113649,
,,ENSMUSG00000113104,
,,ENSMUSG00000114348,
,,ENSMUSG00000114612,
,,Cd83,
,,Nhlrc1,
,,Ocln,
,,Rnf144b,
,,Ptpdc1,
,,Hus1b,
,,ENSMUSG00000056257,
,,Serpinb1b,
,,Glrx,
,,Adamts6,
,,Serpinb6a,
,,ENSMUSG00000097709,
,,Gdi2,
,,ENSMUSG00000113128,
,,Nrn1,
,,ENSMUSG00000113810,
,,ENSMUSG00000114638,
,,Gpx8,
,,ENSMUSG00000112955,
,,4930451E10Rik,
,,Serinc5,
,,Mtx3,
,,ENSMUSG00000114535,
,,Tut7,
,,ENSMUSG00000114835,
,,Lratd1,
,,Dio3os,
,,Egln3,
,,Pqlc3,
,,2410004P03Rik,
,,Batf,
,,Flvcr2,
,,ENSMUSG00000113246,
,,Tgfb3,
,,5033406O09Rik,
,,ENSMUSG00000076614,
,,Ighg3,
,,Gm18968,
,,Ston2,
,,L2hgdh,
,,Ttc8,
,,D430020J02Rik,
,,ENSMUSG00000113012,
,,F730043M19Rik,
,,Ahr,
,,ENSMUSG00000113086,
,,Serpina9,
,,Serpina12,
,,Coch,
,,D430019H16Rik,
,,Gm4787,
,,ENSMUSG00000112105,
,,ENSMUSG00000113141,
,,Klhl29,
,,4921511I17Rik,
,,ENSMUSG00000103898,
,,Cbx5,
,,Tnfrsf13c,
,,Ptger4,
,,ENSMUSG00000075511,
,,Bik,
,,Capsl,
,,Ccn4,
,,ENSMUSG00000115543,
,,Ropn1l,
,,1700084J12Rik,
,,Ly6d,
,,ENSMUSG00000115278,
,,ENSMUSG00000114981,
,,Adamts20,
,,Gm17546,
,,ENSMUSG00000097536,
,,ENSMUSG00000098021,
,,Troap,
,,ENSMUSG00000090406,
,,C330013E15Rik,
,,Zfp647,
,,Myh9,
,,Card10,
,,Dnajb7,
,,Tigd5,
,,Tiam1,
,,Cd80,
,,ENSMUSG00000116600,
,,B4galt4,
,,Snai2,
,,Cebpd,
,,Rimbp3,
,,Mrps6,
,,Lrrc74b,
,,Ripply3,
,,Nxpe3,
,,Cldnd1,
,,Olfr176,
,,Crybg3,
,,Iglc2,
,,Dscam,
,,Bace2,
,,Nrip1,
,,ENSMUSG00000097874,
,,Etv5,
,,Gm15746,
,,ENSMUSG00000116173,
,,Ccdc50,
,,ENSMUSG00000116624,
,,4930565N06Rik,
,,Fbxo40,
,,Zfp229,
,,ENSMUSG00000117333,
,,Prss41,
,,Khsrp,
,,Tnfsf14,
,,Syngr3,
,,Man2a1,
,,ENSMUSG00000117335,
,,Ddah2,
,,Aif1,
,,ENSMUSG00000096780,
,,T2,
,,Clip4,
,,Lbh,
,,Nlrc4,
,,Gm10505,
,,Hnrnpll,
,,Dnph1,
,,Glp1r,
,,ENSMUSG00000118239,
,,Gm20517,
,,F830016B08Rik,
,,Iigp1,
,,Synpo,
,,Lrrtm2,
,,ENSMUSG00000073590,
,,Pcdhgc4,
,,Fchsd1,
,,Ndfip1,
,,Ska1,
,,Tjp2,
,,Cnih2,
,,Efemp2,
,,ENSMUSG00000100075,
,,Shtn1,
,,ENSMUSG00000114302,
,,Cep55,
,,Entpd1,
,,Kcnip2,
,,Zfp91,
,,Mfsd13a,
,,Cnnm2,
,,Tmc1,
,,Cemip2,
,,Trpm3,
,,Tigd3,